name,link,sizeInMB
49182092.zip,https://drive.google.com/file/d/1vVP2gJ2VcyE1-4lBH-0aJJ1IdoKYbm5s/view?usp=drivesdk,661.2102327
79751050.zip,https://drive.google.com/file/d/1vaCgpfvkfRuKQQkTdt7VQDgpDKRC4vic/view?usp=drivesdk,801.7212334
39182506.zip,https://drive.google.com/file/d/1vS_zu3S82dVUgqcBfnLwdPwfnPb85tN3/view?usp=drivesdk,559.5938492
07613176.zip,https://drive.google.com/file/d/1vMyPhziAALCFjCf8392ZvMr1qzj17uYQ/view?usp=drivesdk,507.5946903
93230373.zip,https://drive.google.com/file/d/1vbMVsOW27FNxKozsGXCmeXDmpr5npSH_/view?usp=drivesdk,228.9126921
35187603.zip,https://drive.google.com/file/d/1vRguyOHHG9xK6Ml9AXq3cjU_aLJtWLvk/view?usp=drivesdk,134.7785597
54165023.zip,https://drive.google.com/file/d/1vXpqm0TQynfy2zjToMW9W46VgOn9Xdwf/view?usp=drivesdk,330.5212593
42360672.zip,https://drive.google.com/file/d/1vV-QIDkIXXshhm6CX8IgQGnO1zd_U9si/view?usp=drivesdk,198.6892433
84241955.zip,https://drive.google.com/file/d/1vb2ZVvQkSCTkhXJJw7uCZ2UfY8H6ttoK/view?usp=drivesdk,90.31508446
01949240.zip,https://drive.google.com/file/d/1v9jnjZ4unShoLHrwvm4zMU7Qr7BI1nT8/view?usp=drivesdk,256.3140011
98974339.zip,https://drive.google.com/file/d/1Nicr5lifgnUTcces8FLHha86C2umz67x/view?usp=drivesdk,1701.510784
49623237.zip,https://drive.google.com/file/d/1Q7s-770Gsl3boy4F_DRz1ClvP2jrW4Y7/view?usp=drivesdk,67.48491478
49141524.zip,https://drive.google.com/file/d/1Q1YHIcJvgQvob2MAf66iwOP4bqZFKNFn/view?usp=drivesdk,432.8917456
42052178.zip,https://drive.google.com/file/d/1Q9snz04n5ot_ITZ19NC4qTtHOiVd0Yjn/view?usp=drivesdk,158.6963692
41663654.zip,https://drive.google.com/file/d/1QGkOEropm9SOyYCQUwj0Bu3jiSaGbTX6/view?usp=drivesdk,3.535859108
74175219.zip,https://drive.google.com/file/d/1PYYHWNhFATmS0ElxbGqjV7wfp_GPU_6V/view?usp=drivesdk,4748.713157
41131654.zip,https://drive.google.com/file/d/1PpcOPf_NFmtIU8tFdGWQPnWtIIxQl9U_/view?usp=drivesdk,4909.540419
56958831.zip,https://drive.google.com/file/d/1PptiKml1-y8ojbbgGABZ4ss5VTVmIYFW/view?usp=drivesdk,3875.141159
80796147.zip,https://drive.google.com/file/d/1P_YyMsMxczDtbNQBhzGbcCrj3xC_r22a/view?usp=drivesdk,3598.9444
43589707.zip,https://drive.google.com/file/d/1PoExWnpQIPqtAatfdlTkwGEjSl2rX8Uf/view?usp=drivesdk,3924.621385
60844515.zip,https://drive.google.com/file/d/1PcQ-69yaHxQJqiQNq1ak9V19qlpvP0oU/view?usp=drivesdk,2352.792175
86323903.zip,https://drive.google.com/file/d/1POwAtvxj3BTBK-8LUrBHAaeRIHwlk7j4/view?usp=drivesdk,1851.558605
81680176.zip,https://drive.google.com/file/d/1PLMwa1LqK_bFJ14uLXafD0d4TrTLxWpq/view?usp=drivesdk,1853.386838
88252802.zip,https://drive.google.com/file/d/1PDkuI5v5jOKg68QufoL47NrfxHe2k8ak/view?usp=drivesdk,1595.293319
96805916.zip,https://drive.google.com/file/d/1Ja2odk_AHJMu85Xb67LffxbvJ73yk7Gj/view?usp=drivesdk,1532.719956
95851255.zip,https://drive.google.com/file/d/1JhrTbwGJDOfVND3JyoQ3pEkw3QkB3kIe/view?usp=drivesdk,1523.767625
97417885.zip,https://drive.google.com/file/d/1P6lutREVaq3HliZcMmYjrDb4H9OY3Bmi/view?usp=drivesdk,1466.433187
73398408.zip,https://drive.google.com/file/d/1P4InGVjejt-STVhOl91vMEewUXyhrh16/view?usp=drivesdk,1511.330731
93839818.zip,https://drive.google.com/file/d/1P7chz2GECw4W-Fw-gTO11hY5PmOG_ykK/view?usp=drivesdk,1389.574567
99908129.zip,https://drive.google.com/file/d/1JqcIOkg02L5_yPeAaqTcvQ_y_ss1J59_/view?usp=drivesdk,1357.755263
86025410.zip,https://drive.google.com/file/d/1Lg2docN-QBsONtpKxCs-Dq0neRAqQ3Rl/view?usp=drivesdk,1286.217498
57176789.zip,https://drive.google.com/file/d/1NVNisByWNpBvlfC6gH35WgcEfFz6s92Q/view?usp=drivesdk,1312.658948
40634871.zip,https://drive.google.com/file/d/1NU-SUALJYjWk1wlRNOk6yvHlxVOMuPHm/view?usp=drivesdk,1624.552413
66937570.zip,https://drive.google.com/file/d/1LBBzYm-kltGXX7cvjKWqTLPm8DzMXwy5/view?usp=drivesdk,1150.406588
47750728.zip,https://drive.google.com/file/d/1MHekttgYt8iB6UgJoX8lBt3AHUVxZZSk/view?usp=drivesdk,1387.778774
76817975.zip,https://drive.google.com/file/d/1MfY1tBKulqdUzvESDNM4wXnbjGm8ZR9b/view?usp=drivesdk,1064.480011
74077367.zip,https://drive.google.com/file/d/1N1BCmB_iOQ25LuGeoSg89YqrEDgM01hY/view?usp=drivesdk,1063.1826
93606058.zip,https://drive.google.com/file/d/1MSNMyQRAfVbvdIGeq92njo91Dr8Nm-S0/view?usp=drivesdk,992.4577074
88004055.zip,https://drive.google.com/file/d/1MPP0MlC2tyR0QNKAYHW1HEwXhesVu46F/view?usp=drivesdk,1007.443423
99712241.zip,https://drive.google.com/file/d/1NVSo8x3MSvyy7yWiYZoTMV6oQK3TwyJ9/view?usp=drivesdk,934.8249321
80625186.zip,https://drive.google.com/file/d/1MiYoKRFBih6MpY1nDC3HZb-D5iDuRWSm/view?usp=drivesdk,958.9581318
67208817.zip,https://drive.google.com/file/d/1NIZiXbJWSBYaNOaDBAXkY8m_E1H8p5O0/view?usp=drivesdk,1006.948443
71618088.zip,https://drive.google.com/file/d/1JJhG7JwN4xnUHiYoDQvfF9GBoFTWyd22/view?usp=drivesdk,966.4675074
90398368.zip,https://drive.google.com/file/d/1NI6Rl9NRmHGH3IczI69sgcJXhR5SwfdF/view?usp=drivesdk,835.5017223
72492570.zip,https://drive.google.com/file/d/1N1uRtjHTmWJVAPdYisYRNMk6s09nwFzo/view?usp=drivesdk,796.1084461
99848889.zip,https://drive.google.com/file/d/1NEcHvWOk8uueDOcZNvgBNrOvr1nKjZGN/view?usp=drivesdk,677.2978678
96254963.zip,https://drive.google.com/file/d/1NYrYZ0F_7DCf0ks7sd2621gFydoX_cvE/view?usp=drivesdk,679.3832102
77411181.zip,https://drive.google.com/file/d/1JB44LUXdEfkdQtGqbvy3roqA4tPkKYZc/view?usp=drivesdk,723.702322
66836068.zip,https://drive.google.com/file/d/1LI7cKDrjyOpbU60DLkdpPIIc3TsqNx8q/view?usp=drivesdk,742.7011757
91161972.zip,https://drive.google.com/file/d/1L78UstFoZ6Q7g-2cgPuihMe85fhe6gz3/view?usp=drivesdk,641.8654413
98340749.zip,https://drive.google.com/file/d/1MSgML6WOTmhK38bm82fFYDDH-kaG-eiB/view?usp=drivesdk,621.3763046
64024750.zip,https://drive.google.com/file/d/1NXi8oQ-J9nMF_s0K3uPxDKeMTXhUsR55/view?usp=drivesdk,725.0353756
64406000.zip,https://drive.google.com/file/d/1NncrL_nc8QtBh0MmavzhhE6zDxdJd_Q7/view?usp=drivesdk,717.5638294
84589080.zip,https://drive.google.com/file/d/1NhTesXPxtn0mAXJyErN-6HEHXAOl1KXb/view?usp=drivesdk,599.8663206
79526193.zip,https://drive.google.com/file/d/1LC0dzXM3ZWVun1b_6Yir8CaJabvrcPVg/view?usp=drivesdk,593.9845057
84109428.zip,https://drive.google.com/file/d/1Md9KxquGIX6VW_R8HEPuIWNm8aUdbzQG/view?usp=drivesdk,577.0241671
47631371.zip,https://drive.google.com/file/d/1NFvfS0QD7xNykZiNG_DPIn2kKIC1G9Ym/view?usp=drivesdk,794.8994398
77104076.zip,https://drive.google.com/file/d/1N2dxPTQCdOYRWz3xb1DFzgH88V8jG9ru/view?usp=drivesdk,593.5220079
70454270.zip,https://drive.google.com/file/d/1NlpfqdVT39Ua1TP-yxJvEpfGW44WE-D8/view?usp=drivesdk,605.3107624
66019205.zip,https://drive.google.com/file/d/1Nl1SLYW-mJSYkLjc6pDU1EB5-vpEMgAK/view?usp=drivesdk,573.5432167
71422852.zip,https://drive.google.com/file/d/1Lbiai66RI6pByFBfyROLHtJLHXh42Pse/view?usp=drivesdk,539.3127813
02199852.zip,https://drive.google.com/file/d/1Ma9MLTi9zwbt9nARpxeBD7nGH4AvFVH_/view?usp=drivesdk,5590.766788
63047517.zip,https://drive.google.com/file/d/1NVLQFCuMKpvDkEnvhEszS6aXDrlnq96o/view?usp=drivesdk,530.2467089
56568290.zip,https://drive.google.com/file/d/1JwVGS0yQTSOd0VtWvbI6Vz480ToyBggc/view?usp=drivesdk,579.6249542
86286077.zip,https://drive.google.com/file/d/1NlGZF_UtXXdwZDQLwC4el-Tjuq-QHtym/view?usp=drivesdk,432.594388
03572116.zip,https://drive.google.com/file/d/1NfjJg0lEUKaatP2nijkJ-i00bbdOHjOI/view?usp=drivesdk,1824.548805
02611986.zip,https://drive.google.com/file/d/1LFWixTDra7MTHMnJSi5RCoMO8EtUnmV2/view?usp=drivesdk,1711.726541
03403352.zip,https://drive.google.com/file/d/1NNkm8JAy9xx3T1xsMeWciingT7P6e8sn/view?usp=drivesdk,1509.265418
69965708.zip,https://drive.google.com/file/d/1JhIAGEgi_YuhjR57co7MEpMxHzQajTOi/view?usp=drivesdk,475.7523394
63725802.zip,https://drive.google.com/file/d/1JXmsBfoRj-ZtwZwstgttVmxMOlWapBGj/view?usp=drivesdk,498.0842943
40997757.zip,https://drive.google.com/file/d/1LPMVf-qjLoftMpHfP9rzQX1X9MK9b0JQ/view?usp=drivesdk,712.0243731
89710417.zip,https://drive.google.com/file/d/1MYySQA4gINXH-vHLl6vINpO-wC4hEklK/view?usp=drivesdk,393.5146904
96484928.zip,https://drive.google.com/file/d/1LTJn1JRON7ZkFkq2njwyBFbUwSoQI5HY/view?usp=drivesdk,387.0148134
52804089.zip,https://drive.google.com/file/d/1MwZW7DJOe-PlcDro4HQOo7C6tf9HuY3u/view?usp=drivesdk,538.5160027
02050717.zip,https://drive.google.com/file/d/1NeA5NK_VrXGBjgfRcS3_SANhFEoTlVdN/view?usp=drivesdk,698.7544632
97872409.zip,https://drive.google.com/file/d/1MwZ2fgGX7ITzTNWv93xGQ2RY9289_Yo6/view?usp=drivesdk,315.5538111
68026248.zip,https://drive.google.com/file/d/1MuRdz7bOsZiH-s90KsTTSgV9NBZasMWJ/view?usp=drivesdk,345.2167521
92229310.zip,https://drive.google.com/file/d/1iuZmEGzju9m3z33YZQgs8Pw12gM4a_ew/view?usp=drivesdk,265.6387119
68659836.zip,https://drive.google.com/file/d/1Ke0uI8gkshZFAifxdvRZhFvUqYrrzMqa/view?usp=drivesdk,319.9115181
37948668.zip,https://drive.google.com/file/d/1hMLIUMUrKvC8WFljOwdKsDEuw4QLTq96/view?usp=drivesdk,757.0106316
68267781.zip,https://drive.google.com/file/d/1hMTbJvRIrKFw3A_dNZyQDY9ww3nAy6YW/view?usp=drivesdk,307.6773005
39986716.zip,https://drive.google.com/file/d/1htq1TioezqD5R06HLIhOf_HNxilHE4pV/view?usp=drivesdk,523.4856396
81099003.zip,https://drive.google.com/file/d/1hpPWyBk5Hdbx2R49TmAZPjrqOdwd96Vt/view?usp=drivesdk,267.4373665
80901258.zip,https://drive.google.com/file/d/1hTZBgperOLKgCsFbj3KXlcUeWPAiH2J2/view?usp=drivesdk,258.8031368
48509634.zip,https://drive.google.com/file/d/1hqxsgbZ7SIvxSPJOCWd9eSVYhUs5HViJ/view?usp=drivesdk,460.6426849
89032650.zip,https://drive.google.com/file/d/1hpXyIBCELNvxTQVqmMdhr6ZvOvVR6Nuj/view?usp=drivesdk,235.6348047
80373992.zip,https://drive.google.com/file/d/1hXSrObaZLCt4zSHLDtUUXpkRKIXoLTTe/view?usp=drivesdk,252.7416162
69739062.zip,https://drive.google.com/file/d/1hE64az3fy-OMjDOExuzIWelJEGlu_PzX/view?usp=drivesdk,268.4830408
45025419.zip,https://drive.google.com/file/d/1hT52bo--EaGwaoKxWXyMdjgORXXKtqDW/view?usp=drivesdk,455.4967308
65143138.zip,https://drive.google.com/file/d/1hMszypJ7i3i4C0CD6XEJ3G-wbLA85R8W/view?usp=drivesdk,264.9592867
73521474.zip,https://drive.google.com/file/d/1hfJsX3_hiZPk-sXNs22h-dDcAi37VfD0/view?usp=drivesdk,220.5970335
71236754.zip,https://drive.google.com/file/d/1hoPRQnvHuLCKy2nArqXCmWZJrUEIQmmD/view?usp=drivesdk,221.2877903
85653830.zip,https://drive.google.com/file/d/1hye9WMaA6DiIlh6HccrVP5G5RwnoSZp6/view?usp=drivesdk,180.3265715
47323535.zip,https://drive.google.com/file/d/1i2IxdQSqkwPuiHNs1yv-JcT9n9mZFw9q/view?usp=drivesdk,398.1339588
89727223.zip,https://drive.google.com/file/d/1i0kmLI2d4dcLrx2rnfrOeiNX_6Xa8SWF/view?usp=drivesdk,156.9071531
45120081.zip,https://drive.google.com/file/d/1i7zRCRI40l3apFn9C2RMOGty-47z9I8p/view?usp=drivesdk,374.999342
93937579.zip,https://drive.google.com/file/d/1i8tcOa3_XBQlnM0Am0zr0qJ6mlgoA3M3/view?usp=drivesdk,130.7574644
78420229.zip,https://drive.google.com/file/d/1iChmhrd9Osjt-ADemybQBrpj3alfn3QA/view?usp=drivesdk,160.8172436
95614431.zip,https://drive.google.com/file/d/1iNTk8jO77z7qffkPy3V50t8IU2AODL9t/view?usp=drivesdk,120.7542677
37764532.zip,https://drive.google.com/file/d/1iqCi6EWJvueB5353ssppdT50-z_pbkXn/view?usp=drivesdk,759.4134378
37998755.zip,https://drive.google.com/file/d/1iu5iKp1Y4uXu-lPcTOTvkwKpsX-v_g-p/view?usp=drivesdk,497.4090633
67167655.zip,https://drive.google.com/file/d/1iV7jTw441qkOF79NchHB_aNCok64a4sh/view?usp=drivesdk,161.1580048
80501215.zip,https://drive.google.com/file/d/1ig3BGSwzRy_wOFchJsExlkpx5T4PpVsZ/view?usp=drivesdk,128.3413792
84984656.zip,https://drive.google.com/file/d/1iPAXlSigeSc5GJGW84cGSf3KocNIm0TG/view?usp=drivesdk,99.64793396
49551394.zip,https://drive.google.com/file/d/1iLdvttZTkQp9e6-J7fJ1RrW6IA-AQMLu/view?usp=drivesdk,287.8062096
99296581.zip,https://drive.google.com/file/d/1iioh9EKfKKkz_ZiZG-NzSPmyiF9O4E0W/view?usp=drivesdk,72.23112774
94098083.zip,https://drive.google.com/file/d/1KykBHIpQ3we4jdyjJmFyzkMJZIlHHuSr/view?usp=drivesdk,78.37551308
86298207.zip,https://drive.google.com/file/d/1KT1_ECFwFJbwkDBF1PYMYlWndWffDg6N/view?usp=drivesdk,82.41631794
71397255.zip,https://drive.google.com/file/d/1jN6t8CF406_dynHWnTDV0T4D3q67v8U8/view?usp=drivesdk,120.0013218
69587086.zip,https://drive.google.com/file/d/1KYlmV-lUW8cCHkRmvCkZCI4Vfx6AftDM/view?usp=drivesdk,129.4146347
92762655.zip,https://drive.google.com/file/d/1jMHgkvQtqDi44-AX1cZAoAEHXLdm719J/view?usp=drivesdk,66.67798519
97099623.zip,https://drive.google.com/file/d/1KGkhBmTb5WerV4QzSsmdc-O1_Pf1Xkkl/view?usp=drivesdk,58.41079807
94719978.zip,https://drive.google.com/file/d/1jEMWotKAMwWzeB-ZVnkt0P9BkG6m8_Ci/view?usp=drivesdk,61.02505493
66773091.zip,https://drive.google.com/file/d/1KGz0zQ2Imjs1jeLBkd1UBpefWyYsW6qX/view?usp=drivesdk,110.4025621
98120605.zip,https://drive.google.com/file/d/1KtBfbaxhcBqifYFktCFdovvnFd7ozVJr/view?usp=drivesdk,47.4933672
52345968.zip,https://drive.google.com/file/d/1K8guW8N49a3b2isisreb4POF5LoEuz0s/view?usp=drivesdk,178.1519814
94200862.zip,https://drive.google.com/file/d/1KcRYuWWFNr9A8zuFHA7HLPGQG1vLwnwh/view?usp=drivesdk,44.26268959
37875431.zip,https://drive.google.com/file/d/1KZD8-kHEoHbsUMsN7hxIZNSlZiMqxb5s/view?usp=drivesdk,563.7612677
81518757.zip,https://drive.google.com/file/d/1KpPAuCSQfESta9ut9F7ukip4WRsAb7ni/view?usp=drivesdk,59.87151623
40237051.zip,https://drive.google.com/file/d/1KX3V0gnm2eq-a4Ehy5xoplroBdsapqns/view?usp=drivesdk,286.8806944
39038570.zip,https://drive.google.com/file/d/1JRuPccxkSzoqczXQPSap7FA5K0LhGj9f/view?usp=drivesdk,307.9471102
51336122.zip,https://drive.google.com/file/d/1jJzGmT2SOfCdXsPybmcWG6JNRHGmgxxW/view?usp=drivesdk,199.3996429
87770486.zip,https://drive.google.com/file/d/1Jd2ACWXHGsoWAEgXwMN37Np3TpMgsZRX/view?usp=drivesdk,44.336483
85078542.zip,https://drive.google.com/file/d/1KBtrqlkAesrqf8bGOzGEE2El1W2erhTw/view?usp=drivesdk,40.24673462
81195091.zip,https://drive.google.com/file/d/1K4odHrwRroGlZ-O1WvbCsIjKr1wKLunb/view?usp=drivesdk,46.13190556
85199788.zip,https://drive.google.com/file/d/1L5r6B67Zs5-9yzSXx1az7E0ZxtH6fPEy/view?usp=drivesdk,37.51365757
62371014.zip,https://drive.google.com/file/d/1K4Zrsf558TU9ZyIWDCLKcjHw1cXjSYT4/view?usp=drivesdk,84.19115353
61179686.zip,https://drive.google.com/file/d/1izgm3KbloeM4iEm8-_h3U8QV0DOZL5Du/view?usp=drivesdk,77.87073231
74241108.zip,https://drive.google.com/file/d/1KnVIPHmKVMA1uZ5jZEMAHsjOn4q-mSY3/view?usp=drivesdk,48.31030083
62345070.zip,https://drive.google.com/file/d/1K6NeuBQrnJsDAyAq2SyDoj8uo8UhqaCk/view?usp=drivesdk,68.26899624
58680324.zip,https://drive.google.com/file/d/1KYxj-2ELtkpYG4EfZOcecPEiOpzV-Vv0/view?usp=drivesdk,48.32276154
67359234.zip,https://drive.google.com/file/d/1izcxZtzt_MoSIO_tMSbWq3uNLX34NkxV/view?usp=drivesdk,40.36277294
95024302.zip,https://drive.google.com/file/d/1K6mB7XC1H29VTsPVlyb5mz6xwikVg7F4/view?usp=drivesdk,0.070063591
94875538.zip,https://drive.google.com/file/d/1JukvYijMOfObHF-iMLOqlTKXjk_KT9EK/view?usp=drivesdk,1.483352661
92204064.zip,https://drive.google.com/file/d/1KfaOo-7Hln8m_q4XbBeOJThFEqV7gCn9/view?usp=drivesdk,0.04013347626
81742040.zip,https://drive.google.com/file/d/1KGwPwTIN3q0yP8831QdTlwy4voU6zeAO/view?usp=drivesdk,3.021692276
61403732.zip,https://drive.google.com/file/d/1iyT88os0smgXyPaOBMqL1sIIHsR_bIvX/view?usp=drivesdk,39.52419853
51622121.zip,https://drive.google.com/file/d/1JE82ZGhbz6BHLLJwVChekzheZCIRvtA9/view?usp=drivesdk,118.9808102
50729763.zip,https://drive.google.com/file/d/1PDIbM7g4Uyy7RGYkH8lO3Pz-ds9_Zn6I/view?usp=drivesdk,115.2580624
54288462.zip,https://drive.google.com/file/d/1JZwj7KsYqBXYAPqYTnrd8D_rbsuWxqgm/view?usp=drivesdk,64.37492561
84181797.zip,https://drive.google.com/file/d/1PDR1KU61Ajg4hpugtW-d_m4ZYERJ6OhE/view?usp=drivesdk,0.8305625916
70811987.zip,https://drive.google.com/file/d/1PB3Di1g9_z4YZ8AJup6j0aDiUExStJLb/view?usp=drivesdk,16.93531322
58845192.zip,https://drive.google.com/file/d/1OGFYQS_JrPHq4Ewz31qfr6x5o_H7TGd2/view?usp=drivesdk,15.94387817
62401782.zip,https://drive.google.com/file/d/1O5Ea2GJ3iz2cSrAx5WXRYqjvFyEXamBt/view?usp=drivesdk,15.80285454
54280576.zip,https://drive.google.com/file/d/1O4188JpAtEXvQb39lzd9HW6PnVTD6X8G/view?usp=drivesdk,41.053689
50311906.zip,https://drive.google.com/file/d/1OYKZQxV34HDtujuTrIoA4OA3DP8jToJc/view?usp=drivesdk,84.98609829
46253612.zip,https://drive.google.com/file/d/1NrMMDyjUGDVBKr2H83dk-KSwlQ4x9D5Y/view?usp=drivesdk,118.5315151
53013068.zip,https://drive.google.com/file/d/1OUBOkqrBFrDGqUdJOLqmZBF8trs09MCt/view?usp=drivesdk,36.08051682
35719805.zip,https://drive.google.com/file/d/1OspR_zeCJZ6dMO6JU9E3ahCUtBEbndJE/view?usp=drivesdk,315.0313635
51968000.zip,https://drive.google.com/file/d/1OSp0g6JD_Tam1lhHn6HTh6z3ILSnI51_/view?usp=drivesdk,17.45578957
53486744.zip,https://drive.google.com/file/d/1P-tj5l1HO-bHj6guEftlxLCvSUkhf9F6/view?usp=drivesdk,0.06941890717
39819048.zip,https://drive.google.com/file/d/1OW5YV9lxCkMGgDzYi5ubjTyJLahbJdfW/view?usp=drivesdk,63.99342918
47971065.zip,https://drive.google.com/file/d/1Oq9ksVV_vq2UWIVBzmNICaOaBxiBKrpy/view?usp=drivesdk,57.97093868
51848391.zip,https://drive.google.com/file/d/1JXlOt6CydadszsG0MgvJ19LPK8Tqbz-D/view?usp=drivesdk,1.11979866
51359431.zip,https://drive.google.com/file/d/1OuYB1pVy11qyudqAbgyW_vpkIwi5qj6S/view?usp=drivesdk,9.500313759
48540630.zip,https://drive.google.com/file/d/1Nw49EZquMkgvoRjpProSnuD1jdrCXbWV/view?usp=drivesdk,28.20010662
39079816.zip,https://drive.google.com/file/d/1NzO_duSP7Lh-8RpG3Lj85ZaqsxoEBuQn/view?usp=drivesdk,57.77247334
49796612.zip,https://drive.google.com/file/d/1Jhdg3WQus_sKWACdEQJbnhoyQAEs3chI/view?usp=drivesdk,1.522239685
38110191.zip,https://drive.google.com/file/d/1P-TKNdbScjQotR5Wp28xOL12e-1NnWvE/view?usp=drivesdk,62.73108292
39901815.zip,https://drive.google.com/file/d/1OG9-EXNSNQ-VRDG7zLQWUJmNta0SLlRV/view?usp=drivesdk,6.963133812
32407882.zip,https://drive.google.com/file/d/1f3MCWDaclaI-Wf_1e2RTK3NspnQItCxe/view?usp=drivesdk,1687.092716
27700103.zip,https://drive.google.com/file/d/1eepAuZJIvKRWGASshxOQO3I_ys2POclJ/view?usp=drivesdk,1585.983104
35533061.zip,https://drive.google.com/file/d/1fJTiKtrINSZ_mWj53_k_TyTfHoy7yHDQ/view?usp=drivesdk,891.8483124
32997134.zip,https://drive.google.com/file/d/1fhEuotyWjMSJhrEDl8hL9vq9E2S4u-Ot/view?usp=drivesdk,832.5721407
28768536.zip,https://drive.google.com/file/d/1fT-nPMJymvjWimwJFDx5HygE4e_xOURy/view?usp=drivesdk,917.4249725
28761103.zip,https://drive.google.com/file/d/1cLhuQaKCUuppipnI9z1pKasg9FPVrk4q/view?usp=drivesdk,679.8768101
28176124.zip,https://drive.google.com/file/d/1g3iwAWpMmsLEfWM23faluLE_VD63WRM1/view?usp=drivesdk,725.3319006
25692073.zip,https://drive.google.com/file/d/1gfv9-mkJUFUhsd5AdLrXelpE83WpAvpw/view?usp=drivesdk,822.1371517
28608066.zip,https://drive.google.com/file/d/1ch4rYGqQn1l2aPOo20GNx7Pi7ds6xEft/view?usp=drivesdk,506.8343782
27819368.zip,https://drive.google.com/file/d/1eIn-DXLnwfrE9SIuzEuwssRSF1qId0k5/view?usp=drivesdk,373.9753437
33962890.zip,https://drive.google.com/file/d/1cZ7kA1F_GAyezmBpVhRaf4Dr7wY32pjB/view?usp=drivesdk,175.8488045
26856617.zip,https://drive.google.com/file/d/1d5F5JMrwMhpaKlLwLugAoHk4sWrZa7kz/view?usp=drivesdk,501.3800907
33999544.zip,https://drive.google.com/file/d/1esri34JNTrLDNmqtYqz42zSAQfOPv_Ry/view?usp=drivesdk,60.91997051
33324736.zip,https://drive.google.com/file/d/1dzMkRN5RjNIjUCulF_ORUiML5vR2ZOix/view?usp=drivesdk,63.89831448
34148224.zip,https://drive.google.com/file/d/1cZwAlp9pLUScpty5GfxSSQLeErrSaI1Z/view?usp=drivesdk,5.608361244
33831564.zip,https://drive.google.com/file/d/1cWL2kToS8tJqigzUUySGifOV2S479B1Z/view?usp=drivesdk,26.9044857
33470634.zip,https://drive.google.com/file/d/1eoBGdc8CRdCXs014tvRxBVECrYhPKn1T/view?usp=drivesdk,10.33220959
32635618.zip,https://drive.google.com/file/d/1g9bnhhodhSijWHIyt7oHoCTsCME4fMJv/view?usp=drivesdk,0.01013183594
28756888.zip,https://drive.google.com/file/d/1e3Q4JicI9yhYnOtSg45uD3JoMwi3EKuo/view?usp=drivesdk,68.84980583
28823146.zip,https://drive.google.com/file/d/1f4frJPwAf4MTzrzSjLg67OqrYyq84rPv/view?usp=drivesdk,0.3573532104
27553507.zip,https://drive.google.com/file/d/1fpK2kiY0MfkFcqNPFXk3v3RQ0ggUxkT5/view?usp=drivesdk,71.92774296
27526291.zip,https://drive.google.com/file/d/1fU76OPYFUu_Yxc0WD7LF9HZTGRbzPQQu/view?usp=drivesdk,73.61986732
26691577.zip,https://drive.google.com/file/d/1frrKZXGKo3WrD3xl3nptGqbjPRuyxpgk/view?usp=drivesdk,46.33051109
25401109.zip,https://drive.google.com/file/d/1hE5TFgioveGobSmSCgjoQ_pofCap6P56/view?usp=drivesdk,51.62157345
24587372.zip,https://drive.google.com/file/d/1cwGEG_boY8DGmQ8nmIvN8xVicQufkiiu/view?usp=drivesdk,105.4535294
17161370.zip,https://drive.google.com/file/d/1dGg9swR8xlzO12Cs1r-BJm8QkhlZidun/view?usp=drivesdk,25129.55573
14092221.zip,https://drive.google.com/file/d/1gGo-KpJU_O2k4_fL-FqnBr0rGz11c_GD/view?usp=drivesdk,6325.89162
23428091.zip,https://drive.google.com/file/d/1f54oxbBAQjurJH4x0js_c0kV1hX_FnUl/view?usp=drivesdk,2002.001342
20396154.zip,https://drive.google.com/file/d/1gocN7N3BrzuJ0vWv3PyU05cHYeOocRDS/view?usp=drivesdk,1806.243821
13029224.zip,https://drive.google.com/file/d/1gs-KS6ibRhmqKHsZfpxmAEpCPjr8yhAW/view?usp=drivesdk,2123.671673
13484299.zip,https://drive.google.com/file/d/1f8q154rGxmkv_S3raQzmHGhdf5g-8432/view?usp=drivesdk,1929.664797
16975609.zip,https://drive.google.com/file/d/1fWXBF-eiUwkmpHFZpB0FsLAtkRN08_PO/view?usp=drivesdk,1665.925989
21946407.zip,https://drive.google.com/file/d/1ceOfLRvVC7H6DVj0jjFds27JfImyKLkd/view?usp=drivesdk,1440.12628
15558575.zip,https://drive.google.com/file/d/1h6N95EBJOWc8mXAcj_GtQvhe2eJT9kp0/view?usp=drivesdk,1299.943834
19626656.zip,https://drive.google.com/file/d/1fToYpdGhQlAnC680d0MiOtV7h67rQ6KZ/view?usp=drivesdk,1191.966207
01177138.zip,https://drive.google.com/file/d/1dc5UhMNAcEnHYjnighsWstr2lyrHzUfx/view?usp=drivesdk,1694.972714
15634563.zip,https://drive.google.com/file/d/1fy3K-Hw0hq7YhMbyZL0RHqypWnyAacnJ/view?usp=drivesdk,930.9981012
20216809.zip,https://drive.google.com/file/d/1eODWWtssAvGhfmiWeszivIkRtF3Yhy_A/view?usp=drivesdk,710.2995167
18001564.zip,https://drive.google.com/file/d/1frm5uSthvHpk3IB7FmaCf7d-L3oluDEE/view?usp=drivesdk,650.4935904
20649783.zip,https://drive.google.com/file/d/1cMOL8yoAFtgVdUxPXelxEpEdFnOOgiiU/view?usp=drivesdk,679.5134144
24448124.zip,https://drive.google.com/file/d/1eOZ_lwCMrcUfiO9hiBhyYl-dzsv9UNGO/view?usp=drivesdk,587.4819708
01352464.zip,https://drive.google.com/file/d/1gU92kYQ6SeU4Cdd7NGOY6r88fkeQnRJL/view?usp=drivesdk,1264.684526
23711486.zip,https://drive.google.com/file/d/1cLZe1nhEkjKb1pVovdgso2GJO3-M3LFu/view?usp=drivesdk,498.1169615
13783771.zip,https://drive.google.com/file/d/1hAtsrIYPKHs5Kd9pSg6i1cppHRlPmqCF/view?usp=drivesdk,658.0535917
05274556.zip,https://drive.google.com/file/d/1grm-8GoxT2hjx_8BvLPjGUc756hmxjch/view?usp=drivesdk,731.1743412
24110807.zip,https://drive.google.com/file/d/1cOCkA6M9ghWjmLNuawoeGwtMiqb0jlz1/view?usp=drivesdk,326.9776964
18991425.zip,https://drive.google.com/file/d/1g8V5jEpaXqbm5_uDHtPMbUzURcmeC4Zf/view?usp=drivesdk,322.205946
04762925.zip,https://drive.google.com/file/d/1cvWAq0dWViQXPyifzfIp8LLXiIqy0_4j/view?usp=drivesdk,509.142951
22961398.zip,https://drive.google.com/file/d/1gTyqgkv91185r9kXCNYuve34TNaW7QON/view?usp=drivesdk,186.6631622
02033176.zip,https://drive.google.com/file/d/1goVU2MxHvAaLdK632FMFnHZxpnsSDBIJ/view?usp=drivesdk,497.4583311
23340371.zip,https://drive.google.com/file/d/1d9u-Dp7gduFuxf0vVcTUAYxWv8RJhdNx/view?usp=drivesdk,79.23022461
23769130.zip,https://drive.google.com/file/d/1cUWZKWdyTzFOTWhQfkzQT57mL10CJff7/view?usp=drivesdk,66.36322784
23863411.zip,https://drive.google.com/file/d/1dd3NJH9q0vavkW1Z1g7Ox-a5IbXbGtjb/view?usp=drivesdk,58.68373871
20777653.zip,https://drive.google.com/file/d/1eY0G8xCvj0sNGpp7NY0k0njrQ08DyBc_/view?usp=drivesdk,64.63914013
00309157.zip,https://drive.google.com/file/d/1f97mFO4hf9zWpvFD5JSUAokbv1ael3GG/view?usp=drivesdk,1066.45111
16553776.zip,https://drive.google.com/file/d/1g3yocG5-UK62r0jysBbdVuqRUSR5hapT/view?usp=drivesdk,78.10587406
20656313.zip,https://drive.google.com/file/d/1dD8-Tt4k4_oAhQcnDg0_MOd7nONxb7lM/view?usp=drivesdk,0.2340869904
05582191.zip,https://drive.google.com/file/d/1etLkd2SRZ6l8vZpKQYmoHvn-NNf-1v4B/view?usp=drivesdk,129.8289862
14470046.zip,https://drive.google.com/file/d/1g6ICbD3wt7-I9OrQHIZZ1ZqgwoHuf7jq/view?usp=drivesdk,61.83944321
07886752.zip,https://drive.google.com/file/d/1eBX3VTAvN5sn5CvZEMIJQtQezJch2kg-/view?usp=drivesdk,91.42595959
00897741.zip,https://drive.google.com/file/d/1eG0X4JI9jJnQTbFx8xEVomalbp_gMCms/view?usp=drivesdk,774.2375488
13708515.zip,https://drive.google.com/file/d/1fRHSlSnvbXqQBxudcqFU-UDR1JXseOwm/view?usp=drivesdk,16.12967014
10540336.zip,https://drive.google.com/file/d/1h710WHtSWhJexJCXmlPYMUT0UouGY0Wl/view?usp=drivesdk,43.16945744
12689381.zip,https://drive.google.com/file/d/1edsLjA7AulH3VngWTSJpi6zmmrPVFoVw/view?usp=drivesdk,7.542948723
01919652.zip,https://drive.google.com/file/d/1gaGn-ZXONvIO2bU1oLse6las85IpPwfr/view?usp=drivesdk,108.7153997
01884126.zip,https://drive.google.com/file/d/1hDSxxeh6WxEfyWXM2QCP_1M-nX9Tyh5w/view?usp=drivesdk,152.4149303
01739655.zip,https://drive.google.com/file/d/1dfVKXJMb8HEJNqJLDgqTg3raWQBEm-MA/view?usp=drivesdk,0.02068805695
00221634.zip,https://drive.google.com/file/d/1eGP83e3l9lehNVcIn26CnbDO2vr5jK_T/view?usp=drivesdk,377.2426567